ID;Surname;Name;Date Of Birth;Bank Credentials;
1;Фамилия_1;Имя_1;19.04.1955;2878 3599 5071 3973;
2;Фамилия_2;Имя_2;20.01.1985;8085 3347 8786 6541;
3;Фамилия_3;Имя_3;10.01.1989;1763 8763 7581 2813;
4;Фамилия_4;Имя_4;17.04.1980;8396 2648 2762 8990;
5;Фамилия_5;Имя_5;23.07.1990;1837 7885 8684 7527;
6;Фамилия_6;Имя_6;23.07.1976;3609 3351 7299 9875;
7;Фамилия_7;Имя_7;02.10.1992;9990 4508 6099 2956;
8;Фамилия_8;Имя_8;15.08.1994;8034 7659 4216 9391;
9;Фамилия_9;Имя_9;11.02.1989;4754 8124 3562 6411;
10;Фамилия_10;Имя_10;18.03.1991;4848 3940 3391 1192;
11;Фамилия_11;Имя_11;20.08.1952;5939 7033 8417 7841;
12;Фамилия_12;Имя_12;14.04.1995;5823 8569 1408 9562;
13;Фамилия_13;Имя_13;24.02.1956;9739 3110 9577 5190;
14;Фамилия_14;Имя_14;20.12.1985;7654 1145 1505 2239;
15;Фамилия_15;Имя_15;22.07.1997;4450 9105 9340 4304;
16;Фамилия_16;Имя_16;03.11.1988;9744 9156 1890 6194;
17;Фамилия_17;Имя_17;07.08.2000;7930 7573 7655 8119;
18;Фамилия_18;Имя_18;06.03.1958;8426 2852 2887 1479;
19;Фамилия_19;Имя_19;09.10.1981;5302 8914 7943 6649;
20;Фамилия_20;Имя_20;10.05.1970;9806 4088 5870 8129;
21;Фамилия_21;Имя_21;10.01.1952;2667 6907 8052 9656;
22;Фамилия_22;Имя_22;24.10.1985;8571 8224 7222 2835;
23;Фамилия_23;Имя_23;15.12.1980;6928 1880 2344 2803;
24;Фамилия_24;Имя_24;21.05.1993;3684 6463 1042 7752;
25;Фамилия_25;Имя_25;24.07.1972;1470 2125 1227 9812;
26;Фамилия_26;Имя_26;27.05.1986;7786 7181 7389 7884;
27;Фамилия_27;Имя_27;08.08.1952;5736 3459 7521 4775;
28;Фамилия_28;Имя_28;20.01.2000;9554 7915 1798 2609;
29;Фамилия_29;Имя_29;12.02.1988;3120 8835 5424 2120;
30;Фамилия_30;Имя_30;04.07.1984;3886 2516 7962 9965;
31;Фамилия_31;Имя_31;20.01.1957;1222 8824 1518 5756;
32;Фамилия_32;Имя_32;28.02.1997;2454 8115 4583 9833;
33;Фамилия_33;Имя_33;25.08.1986;9251 9927 5861 3170;
34;Фамилия_34;Имя_34;16.05.1989;3045 2967 8071 8969;
35;Фамилия_35;Имя_35;16.03.1970;2979 5494 3148 8273;
36;Фамилия_36;Имя_36;02.07.1986;2287 2542 6157 8648;
37;Фамилия_37;Имя_37;14.10.1994;8100 2583 7983 6564;
38;Фамилия_38;Имя_38;27.12.1965;7555 1738 6467 9559;
39;Фамилия_39;Имя_39;27.07.1988;8860 6303 6225 4755;
40;Фамилия_40;Имя_40;16.02.1968;4589 5046 2073 1203;
41;Фамилия_41;Имя_41;19.08.1951;9939 2847 1694 6927;
42;Фамилия_42;Имя_42;21.03.1988;8857 6923 1585 8820;
43;Фамилия_43;Имя_43;10.09.1981;9961 6895 3752 8874;
44;Фамилия_44;Имя_44;24.03.1985;5172 2450 9151 3622;
45;Фамилия_45;Имя_45;10.02.1981;2500 2532 5773 3376;
46;Фамилия_46;Имя_46;10.03.1979;6761 5890 1596 1308;
47;Фамилия_47;Имя_47;18.06.1971;2386 5631 9074 5343;
48;Фамилия_48;Имя_48;14.11.1967;3228 5192 8599 8920;
49;Фамилия_49;Имя_49;03.08.1992;4354 3507 3582 4352;
50;Фамилия_50;Имя_50;04.03.1957;8846 2424 2924 7540;
51;Фамилия_51;Имя_51;26.09.1967;1565 5829 2363 6973;
52;Фамилия_52;Имя_52;12.09.1993;3185 9817 4333 8625;
53;Фамилия_53;Имя_53;19.09.1980;3346 9669 4424 4059;
54;Фамилия_54;Имя_54;21.04.1971;2091 3150 5772 4676;
55;Фамилия_55;Имя_55;10.02.1984;2920 9392 4570 6519;
56;Фамилия_56;Имя_56;11.05.1993;9539 2559 7123 7666;
57;Фамилия_57;Имя_57;19.09.1994;1215 3024 7473 2579;
58;Фамилия_58;Имя_58;14.06.1972;3335 4573 8692 9739;
59;Фамилия_59;Имя_59;14.08.1966;4676 3677 4555 2243;
60;Фамилия_60;Имя_60;20.10.1989;8488 1136 1836 9701;
61;Фамилия_61;Имя_61;17.12.1994;6612 3987 6050 2605;
62;Фамилия_62;Имя_62;05.08.1996;2936 3425 4153 9346;
63;Фамилия_63;Имя_63;20.10.1981;2196 8404 6426 9469;
64;Фамилия_64;Имя_64;11.03.1990;5964 7662 9283 4423;
65;Фамилия_65;Имя_65;28.12.1982;7937 7115 1998 8840;
66;Фамилия_66;Имя_66;05.08.1957;5319 4628 2298 1024;
67;Фамилия_67;Имя_67;03.07.2004;7485 1736 2264 9883;
68;Фамилия_68;Имя_68;02.02.1976;2016 7003 7755 4493;
69;Фамилия_69;Имя_69;09.01.2001;8410 6092 7608 9016;
70;Фамилия_70;Имя_70;24.04.1987;1410 6774 3234 8002;
71;Фамилия_71;Имя_71;09.02.1993;5612 8014 1370 7983;
72;Фамилия_72;Имя_72;14.06.1986;9093 8790 1083 5091;
73;Фамилия_73;Имя_73;13.04.1976;4049 5661 6304 2220;
74;Фамилия_74;Имя_74;10.12.1996;4670 3546 5705 4257;
75;Фамилия_75;Имя_75;24.04.1951;6273 3005 7130 5008;
76;Фамилия_76;Имя_76;09.01.1988;2407 7334 2663 2095;
77;Фамилия_77;Имя_77;21.08.1955;8574 8874 7460 2939;
78;Фамилия_78;Имя_78;06.07.2003;3862 6708 2193 4516;
79;Фамилия_79;Имя_79;10.02.1982;9311 6840 5211 8568;
80;Фамилия_80;Имя_80;01.06.1956;8148 1155 3449 6315;
81;Фамилия_81;Имя_81;19.08.1993;6369 1486 9050 4496;
82;Фамилия_82;Имя_82;26.06.1974;8928 4187 7301 4038;
83;Фамилия_83;Имя_83;19.08.1956;2003 2134 4646 4396;
84;Фамилия_84;Имя_84;05.10.1981;4418 7525 9514 4337;
85;Фамилия_85;Имя_85;25.03.1994;2443 8908 2032 4667;
86;Фамилия_86;Имя_86;14.04.1978;7543 6574 3563 6297;
87;Фамилия_87;Имя_87;03.03.1962;2577 1029 2552 3860;
88;Фамилия_88;Имя_88;15.07.1960;9093 8941 5267 9132;
89;Фамилия_89;Имя_89;02.02.1988;9693 3055 9234 4642;
90;Фамилия_90;Имя_90;07.07.1950;8973 6416 6908 1755;
91;Фамилия_91;Имя_91;10.04.1980;6317 7345 5951 7184;
92;Фамилия_92;Имя_92;22.12.1997;3198 8893 4235 2486;
93;Фамилия_93;Имя_93;15.08.1973;2297 3797 5935 4778;
94;Фамилия_94;Имя_94;12.07.1998;6205 4176 1154 5103;
95;Фамилия_95;Имя_95;16.07.1960;4066 2813 7761 5941;
96;Фамилия_96;Имя_96;17.03.1968;1724 1853 9575 5559;
97;Фамилия_97;Имя_97;21.10.1968;3664 5171 9118 1293;
98;Фамилия_98;Имя_98;24.12.1979;5180 2607 6356 1685;
99;Фамилия_99;Имя_99;19.09.1997;5345 1094 1596 2978;
100;Фамилия_100;Имя_100;03.05.1976;8713 9449 3673 6509;
